text,timestamp,platform,product_mention
"Just tried the new product and I'm absolutely loving it! Best purchase ever! üòç",2024-01-15 09:30:00,Twitter,ProductX
"Worst customer service experience. Very disappointed with this brand.",2024-01-15 09:45:00,Facebook,ProductX
"The quality is okay, nothing special but gets the job done.",2024-01-15 10:00:00,Instagram,ProductX
"Amazing quality! Exceeded all my expectations. Highly recommend! üåü",2024-01-15 10:15:00,Twitter,ProductX
"Terrible product. Broke after just one week. Don't waste your money!",2024-01-15 10:30:00,Reddit,ProductX
"Pretty decent for the price. Not the best but good value.",2024-01-15 10:45:00,Facebook,ProductX
"LOVE THIS!!! Best thing I've bought this year! üíØ",2024-01-15 11:00:00,Instagram,ProductX
"Absolutely horrible experience. Product arrived damaged and support is useless.",2024-01-15 11:15:00,Twitter,ProductX
"It's alright. Does what it's supposed to do.",2024-01-15 11:30:00,Reddit,ProductX
"Fantastic product! My whole family loves it! ‚ù§Ô∏è",2024-01-15 11:45:00,Facebook,ProductX
"Complete waste of money. Very poor quality. Extremely disappointed.",2024-01-15 12:00:00,Twitter,ProductX
"Good product overall. A few minor issues but generally satisfied.",2024-01-15 12:15:00,Instagram,ProductX
"Best investment ever! Can't believe I waited so long to buy this!",2024-01-15 12:30:00,Reddit,ProductX
"Mediocre at best. Expected much better for this price point.",2024-01-15 12:45:00,Facebook,ProductX
"Absolutely amazing! This product changed my life! Seriously! üéâ",2024-01-15 13:00:00,Twitter,ProductX
"Defective product. Had to return it immediately. Very frustrating.",2024-01-15 13:15:00,Instagram,ProductX
"It's okay. Nothing to complain about but nothing to rave about either.",2024-01-15 13:30:00,Reddit,ProductX
"Outstanding quality! Far exceeded my expectations! Five stars! ‚≠ê‚≠ê‚≠ê‚≠ê‚≠ê",2024-01-15 13:45:00,Facebook,ProductX
"Horrible! Broke on first use. Complete garbage. Do NOT buy!",2024-01-15 14:00:00,Twitter,ProductX
"Pretty good. Happy with my purchase overall.",2024-01-15 14:15:00,Instagram,ProductX
"Excellent product! Great value for money! Highly recommended! üëç",2024-01-15 14:30:00,Reddit,ProductX
"Cheap quality. Definitely not worth the price. Very disappointed.",2024-01-15 14:45:00,Facebook,ProductX
"Neutral feelings about this. It works but nothing spectacular.",2024-01-15 15:00:00,Twitter,ProductX
"Incredible! Best purchase I've made in years! So happy! üòä",2024-01-15 15:15:00,Instagram,ProductX
"Awful experience from start to finish. Customer service is a joke.",2024-01-15 15:30:00,Reddit,ProductX
"Decent product. Does the job adequately.",2024-01-15 15:45:00,Facebook,ProductX
"Love it so much! Perfect in every way! Absolutely perfect! üíñ",2024-01-15 16:00:00,Twitter,ProductX
"Very poor build quality. Falls apart easily. Not recommended.",2024-01-15 16:15:00,Instagram,ProductX
"It's fine. Average product for an average price.",2024-01-15 16:30:00,Reddit,ProductX
"Phenomenal product! Worth every penny! Best decision ever!",2024-01-15 16:45:00,Facebook,ProductX
"Terrible quality control. Mine came with multiple defects.",2024-01-15 17:00:00,Twitter,ProductX
"Satisfactory. Met my basic expectations.",2024-01-15 17:15:00,Instagram,ProductX
"Brilliant! Innovative! Game-changing! Absolutely love it! üöÄ",2024-01-15 17:30:00,Reddit,ProductX
"Disappointing. Expected better based on the reviews.",2024-01-15 17:45:00,Facebook,ProductX
"Exceptional quality! Superior to all competitors! Highly impressed!",2024-01-15 18:00:00,Twitter,ProductX
"Not good. Wouldn't recommend to anyone. Save your money.",2024-01-15 18:15:00,Instagram,ProductX
"Standard product. Nothing remarkable.",2024-01-15 18:30:00,Reddit,ProductX
"Amazing! Perfect! Flawless! Everything I wanted and more! ‚ú®",2024-01-15 18:45:00,Facebook,ProductX
"Very bad quality. Cheap materials. Feels like a scam.",2024-01-15 19:00:00,Twitter,ProductX
"Acceptable. Gets the job done without issues.",2024-01-15 19:15:00,Instagram,ProductX
"Wonderful product! Exceeded all expectations! Love it! üéä",2024-01-15 19:30:00,Reddit,ProductX
"Poor design. Uncomfortable to use. Regret buying this.",2024-01-15 19:45:00,Facebook,ProductX
"Good enough. No major complaints.",2024-01-15 20:00:00,Twitter,ProductX
"Superb quality! Professional grade! Worth every cent! üí™",2024-01-15 20:15:00,Instagram,ProductX
"Unreliable. Stopped working after a month. Waste of money.",2024-01-15 20:30:00,Reddit,ProductX
"Ordinary product. Does what it claims.",2024-01-15 20:45:00,Facebook,ProductX
"Fabulous! Stunning! Magnificent! Best product ever made! üåà",2024-01-15 21:00:00,Twitter,ProductX
"Defective and dangerous. Could cause injury. Avoid at all costs!",2024-01-15 21:15:00,Instagram,ProductX
"Moderate quality. Neither good nor bad.",2024-01-15 21:30:00,Reddit,ProductX
"Perfect! Just perfect! Couldn't ask for better! Love love love! üíï",2024-01-15 21:45:00,Facebook,ProductX
"Terrible. Customer support ignored all my complaints.",2024-01-16 09:00:00,Twitter,ProductX
"Fine product. Works as advertised.",2024-01-16 09:15:00,Instagram,ProductX
"Remarkable! Outstanding! Simply the best! 10/10! üèÜ",2024-01-16 09:30:00,Reddit,ProductX
"Cheap and poorly made. Fell apart within days.",2024-01-16 09:45:00,Facebook,ProductX
"Adequate for basic needs. Nothing more.",2024-01-16 10:00:00,Twitter,ProductX
"Excellent! Top-notch quality! Impressive craftsmanship! üëå",2024-01-16 10:15:00,Instagram,ProductX
"Horrible product. False advertising. Total ripoff.",2024-01-16 10:30:00,Reddit,ProductX
"Neutral opinion. It exists and functions.",2024-01-16 10:45:00,Facebook,ProductX
"Brilliant product! Innovative design! Love everything about it! üåü",2024-01-16 11:00:00,Twitter,ProductX
"Very disappointing. Nothing like what was advertised.",2024-01-16 11:15:00,Instagram,ProductX
"Reasonable quality for the price point.",2024-01-16 11:30:00,Reddit,ProductX
"Absolutely incredible! Life-changing purchase! So grateful! üôè",2024-01-16 11:45:00,Facebook,ProductX
"Worst purchase ever made. Completely useless. Angry and frustrated.",2024-01-16 12:00:00,Twitter,ProductX
"Okay product. Does the bare minimum.",2024-01-16 12:15:00,Instagram,ProductX
"Marvelous! Spectacular! Beyond amazing! Best ever! ‚≠ê",2024-01-16 12:30:00,Reddit,ProductX
"Pathetic quality. Breaks easily. Terrible investment.",2024-01-16 12:45:00,Facebook,ProductX
"Standard. Average. Unremarkable.",2024-01-16 13:00:00,Twitter,ProductX
"Outstanding! Premium quality! Worth every dollar! Fantastic! üéØ",2024-01-16 13:15:00,Instagram,ProductX
"Awful. Regret this purchase immensely. Don't buy!",2024-01-16 13:30:00,Reddit,ProductX
"Decent. No issues so far.",2024-01-16 13:45:00,Facebook,ProductX
"Amazing quality! Professional results! Absolutely thrilled! üî•",2024-01-16 14:00:00,Twitter,ProductX
"Garbage product. Waste of time and money. Extremely upset.",2024-01-16 14:15:00,Instagram,ProductX
"Acceptable quality. Meets basic standards.",2024-01-16 14:30:00,Reddit,ProductX
"Superb! Excellent! Perfect! Everything I hoped for! üíé",2024-01-16 14:45:00,Facebook,ProductX
"Terrible quality. Cheap materials. Very poor construction.",2024-01-16 15:00:00,Twitter,ProductX
"Fair product. Works well enough.",2024-01-16 15:15:00,Instagram,ProductX
"Phenomenal! Revolutionary! Best product on the market! üöÄ",2024-01-16 15:30:00,Reddit,ProductX
"Disappointing quality. Not as described. Misleading marketing.",2024-01-16 15:45:00,Facebook,ProductX
"Middle of the road. Average in all aspects.",2024-01-16 16:00:00,Twitter,ProductX
"Wonderful! Delightful! Exceeded expectations! So happy! üòÑ",2024-01-16 16:15:00,Instagram,ProductX
"Poor value. Overpriced for what you get. Not worth it.",2024-01-16 16:30:00,Reddit,ProductX
"Satisfactory performance. No major issues.",2024-01-16 16:45:00,Facebook,ProductX
"Fantastic! Brilliant! Top quality! Highly recommend! üëè",2024-01-16 17:00:00,Twitter,ProductX
"Bad experience. Product failed quickly. Very unhappy.",2024-01-16 17:15:00,Instagram,ProductX
"Moderate. Neither impressed nor disappointed.",2024-01-16 17:30:00,Reddit,ProductX
"Exceptional! Superior! Best in class! Love it! üåü",2024-01-16 17:45:00,Facebook,ProductX
"Defective and unreliable. Constant problems. Frustrating experience.",2024-01-16 18:00:00,Twitter,ProductX
"Good value. Solid performance overall.",2024-01-16 18:15:00,Instagram,ProductX
"Perfect! Flawless! Amazing! Best purchase ever! üíØ",2024-01-16 18:30:00,Reddit,ProductX
"Horrible quality. Broke immediately. Total waste. Don't buy!",2024-01-16 18:45:00,Facebook,ProductX
"Adequate. Does what it should.",2024-01-16 19:00:00,Twitter,ProductX
"Excellent product! Great quality! Very satisfied! üòä",2024-01-16 19:15:00,Instagram,ProductX
"Very poor. Would not recommend. Save yourself the trouble.",2024-01-16 19:30:00,Reddit,ProductX
"Normal product. Standard quality.",2024-01-16 19:45:00,Facebook,ProductX
"Incredible! Outstanding! Exceptional! Love everything! ‚ù§Ô∏è",2024-01-16 20:00:00,Twitter,ProductX
"Awful quality. Cheap and flimsy. Major disappointment.",2024-01-16 20:15:00,Instagram,ProductX
"Fine. Works as expected.",2024-01-16 20:30:00,Reddit,ProductX
"Brilliant! Superb! Magnificent! Best decision! üéâ",2024-01-16 20:45:00,Facebook,ProductX
"Terrible product. Failed within weeks. Extremely disappointed.",2024-01-16 21:00:00,Twitter,ProductX
